,,NOMBRE,EQUIPO,PASES COMPLETADOS,PASES TOTALES
1,,PAU CUBARSÍ,FC BARCELONA,1357,1431
2,,ERIC GARCÍA,FC BARCELONA,1210,1333
3,,FLORIAN LEJEUNE,RAYO VALLECANO,1127,1279
4,,MARCOS ALONSO,CELTA,1136,1262
5,,ALEIX FEBAS,ELCHE CF,1120,1238
6,,PEDRO GONZÁLEZ LÓPEZ,FC BARCELONA,1111,1219
7,,ÁLVARO CARRERAS,REAL MADRID,1070,1185
8,,DALEY BLIND,GIRONA FC,1066,1180
9,,DAVID AFFENGRUBER,ELCHE CF,1001,1140
10,,JULES KOUNDÉ,FC BARCELONA,1020,1133
11,,ANTONIO BLANCO,DEPORTIVO ALAVÉS,964,1119
12,,FEDERICO VALVERDE,REAL MADRID,995,1115
13,,FRENKIE DE JONG,FC BARCELONA,1044,1110
14,,JONATHAN CASTRO OTTO,DEPORTIVO ALAVÉS,962,1108
15,,JORGE RESURRECCIÓN MERODIO,ATLÉTICO DE MADRID,999,1075
16,,AURÉLIEN TCHOUAMÉNI,REAL MADRID,977,1067
17,,PABLO FORNALS,REAL BETIS,893,1033
18,,VITOR DE OLIVEIRA NUNES DOS REIS,GIRONA FC,936,1031
19,,JOSÉ LUIS GARCÍA VAYÁ,VALENCIA CF,864,997
20,,ÁLVARO NÚÑEZ,ELCHE CF,905,991
21,,PEDRO BIGAS,ELCHE CF,893,990
22,,MARCOS LLORENTE,ATLÉTICO DE MADRID,875,977
23,,PABLO BARRIOS,ATLÉTICO DE MADRID,864,971
24,,DÁVID HANCKO,ATLÉTICO DE MADRID,825,961
25,,ALEJANDRO CATENA,CA OSASUNA,775,918
26,,MARTIN VALJENT,RCD MALLORCA,790,917
27,,GERARD MARTÍN,FC BARCELONA,818,911
28,,CÉSAR TÁRREGA,VALENCIA CF,777,903
29,,DEAN HUIJSEN,REAL MADRID,794,896
30,,PEP CHAVARRÍA,RAYO VALLECANO,755,891
31,,NATAN BERNARDO DE SOUZA,REAL BETIS,775,888
32,,IVÁN MARTÍN,GIRONA FC,783,887
33,,MIKEL JAUREGIZAR,ATHLETIC CLUB,730,882
34,,DANI VIVIAN,ATHLETIC CLUB,738,872
35,,JAVI RODRÍGUEZ,CELTA,782,864
36,,JOSÉ MANUEL ARIAS COPETE,VALENCIA CF,738,861
36,,JON MONCAYOLA,CA OSASUNA,676,861
38,,LAMINE YAMAL NASRAOUI EBANA,FC BARCELONA,688,844
39,,ANTONIO RAÍLLO,RCD MALLORCA,735,842
40,,ARDA GÜLER,REAL MADRID,760,837
41,,SERGIO GÓMEZ,REAL SOCIEDAD,711,829
42,,LEANDRO CABRERA,RCD ESPANYOL DE BARCELONA,665,825
43,,JON GORROTXATEGI,REAL SOCIEDAD,702,822
44,,YURI BERCHICHE,ATHLETIC CLUB,709,821
45,,JUDE BELLINGHAM,REAL MADRID,734,817
46,,LUIS MILLA,GETAFE CF,644,813
47,,FERNANDO CALERO,RCD ESPANYOL DE BARCELONA,711,802
48,,MARC BARTRA,REAL BETIS,681,798
49,,SERGIO CARREIRA,CELTA,677,796
49,,VICTOR CHUST,ELCHE CF,712,796
51,,RENATO PALMA VEIGA,VILLARREAL CF,692,794
52,,JOSÉ ÁNGEL CARMONA,SEVILLA FC,635,778
53,,NAHUEL TENAGLIA,DEPORTIVO ALAVÉS,673,774
54,,MARC AGUADO,ELCHE CF,691,766
55,,AUGUSTO BATALLA,RAYO VALLECANO,506,760
56,,IÑAKI PEÑA,ELCHE CF,562,753
57,,ANDREI RATIU,RAYO VALLECANO,613,741
57,,JON ARAMBURU,REAL SOCIEDAD,587,741
57,,ÓSCAR MINGUEZA,CELTA,616,741
60,,IGOR ZUBELDIA,REAL SOCIEDAD,633,727
61,,ALEJANDRO BALDE,FC BARCELONA,662,725
62,,RAFA MARÍN,VILLARREAL CF,656,724
63,,ÁLEX MORENO,GIRONA FC,603,721
64,,LUCIEN AGOUMÉ,SEVILLA FC,578,716
65,,JOHAN MOJICA,RCD MALLORCA,550,712
66,,AARÓN ESCANDELL,REAL OVIEDO,492,711
67,,ÁLEX REMIRO,REAL SOCIEDAD,502,709
68,,UNAI LÓPEZ,RAYO VALLECANO,622,706
68,,DAVID MOTA VEIGA TEIXEIRA DO CARMO,REAL OVIEDO,602,706
70,,ARNAU MARTÍNEZ,GIRONA FC,603,704
71,,AITOR PAREDES,ATHLETIC CLUB,606,700
72,,PATHÉ CISS,RAYO VALLECANO,616,694
73,,KYLIAN MBAPPÉ,REAL MADRID,608,692
74,,OMAR EL HILALI,RCD ESPANYOL DE BARCELONA,560,686
75,,DUJE CALETA-CAR,REAL SOCIEDAD,611,684
76,,GIOVANI LO CELSO,REAL BETIS,598,680
76,,ENZO BOYOMO,CA OSASUNA,556,680
78,,HUGO SOTELO,CELTA,624,679
79,,CARL STARFELT,CELTA,643,677
80,,ÉDER GABRIEL MILITÃO PINHEIRO,REAL MADRID,613,675
80,,AXEL WITSEL,GIRONA FC,606,675
82,,GERMÁN VALERA,ELCHE CF,593,670
83,,SANTI COMESAÑA,VILLARREAL CF,551,664
84,,ANTONY MATHEUS DOS SANTOS,REAL BETIS,554,663
85,,VINÍCIUS JOSÉ PAIXÃO DE OLIVEIRA JÚNIOR,REAL MADRID,542,657
86,,ÍÑIGO RUÍZ DE GALARRETA,ATHLETIC CLUB,545,656
87,,JON MARTÍN,REAL SOCIEDAD,592,650
88,,GIULIANO SIMEONE,ATLÉTICO DE MADRID,534,649
89,,RAÚL ASENCIO,REAL MADRID,608,648
89,,DAVID COSTAS,REAL OVIEDO,574,648
91,,JON PACHECO,DEPORTIVO ALAVÉS,549,645
92,,SAMUEL DE ALMEIDA COSTA,RCD MALLORCA,500,643
93,,PAULO GAZZANIGA,GIRONA FC,414,637
94,,ADRIÁN DE LA FUENTE,LEVANTE UD,514,636
95,,MOI GÓMEZ,CA OSASUNA,562,632
96,,THIBAUT COURTOIS,REAL MADRID,497,626
97,,UNAI SIMÓN,ATHLETIC CLUB,364,621
97,,LUCAS TORRÓ,CA OSASUNA,464,621
99,,BRAIS MÉNDEZ,REAL SOCIEDAD,500,614
100,,SANTIAGO COLOMBATTO,REAL OVIEDO,524,613
101,,DAVID SORIA,GETAFE CF,272,610
102,,DANI OLMO,FC BARCELONA,511,606
103,,JAN OBLAK,ATLÉTICO DE MADRID,445,605
104,,SERGIO HERRERA,CA OSASUNA,408,602
105,,NEMANJA GUDELJ,SEVILLA FC,536,598
106,,SERGI DARDER,RCD MALLORCA,499,597
107,,ROBIN LE NORMAND,ATLÉTICO DE MADRID,542,596
108,,MARC CASADÓ,FC BARCELONA,542,594
109,,RAHIM ALHASSANE,REAL OVIEDO,480,592
110,,KIKE SALAS,SEVILLA FC,485,588
111,,ISI PALAZÓN,RAYO VALLECANO,476,585
112,,PABLO IBÁÑEZ,DEPORTIVO ALAVÉS,497,582
113,,POL LOZANO,RCD ESPANYOL DE BARCELONA,506,580
114,,HÉCTOR BELLERÍN,REAL BETIS,502,579
115,,VALENTÍN GÓMEZ,REAL BETIS,498,576
115,,DENIS SUÁREZ,DEPORTIVO ALAVÉS,500,576
117,,EDU EXPÓSITO,RCD ESPANYOL DE BARCELONA,448,574
117,,MARC ROCA,REAL BETIS,492,574
119,,SANTIAGO MOURIÑO,VILLARREAL CF,502,569
119,,MORIBA KOUROUMA KOUROUMA,CELTA,488,569
121,,JUAN FOYTH,VILLARREAL CF,507,565
122,,MARKO DMITROVIC,RCD ESPANYOL DE BARCELONA,305,554
123,,ANTONIO SIVERA,DEPORTIVO ALAVÉS,276,553
124,,LEANDER DENDONCKER,REAL OVIEDO,474,549
125,,JEREMY TOLJAN,LEVANTE UD,399,546
126,,CARLOS ROMERO,RCD ESPANYOL DE BARCELONA,428,543
126,,JULIÁN ALVAREZ,ATLÉTICO DE MADRID,451,543
128,,MATHEW RYAN,LEVANTE UD,355,541
129,,CARLES ALEÑÁ,DEPORTIVO ALAVÉS,454,535
130,,DIEGO RICO,GETAFE CF,349,532
131,,AYMERIC LAPORTE,ATHLETIC CLUB,482,530
132,,GABRIEL SUAZO,SEVILLA FC,445,528
132,,ODYSSEAS VLACHODIMOS,SEVILLA FC,354,528
134,,EDUARDO CAMAVINGA,REAL MADRID,479,523
135,,JUAN IGLESIAS,GETAFE CF,341,519
136,,JAVI GUERRA,VALENCIA CF,406,517
136,,NOBEL MENDY,RAYO VALLECANO,447,517
138,,ALEX BERENGUER,ATHLETIC CLUB,392,513
139,,BATISTA MENDY,SEVILLA FC,439,507
140,,DJIBRIL SOW,SEVILLA FC,449,505
141,,CARLOS ÁLVAREZ,LEVANTE UD,407,501
142,,IONUT RADU,CELTA,336,496
143,,JULEN AGIRREZABALA,VALENCIA CF,344,494
144,,DOMINGOS DE SOUSA COUTINHO MENESES DUARTE,GETAFE CF,376,492
145,,MARCUS RASHFORD,FC BARCELONA,411,490
145,,CLÉMENT LENGLET,ATLÉTICO DE MADRID,432,490
147,,ÓSCAR VALENTÍN,RAYO VALLECANO,429,489
147,,DJENÉ DAKONAM,GETAFE CF,387,489
147,,MANU FERNÁNDEZ,CELTA,441,489
150,,JOSÉ GAYÀ,VALENCIA CF,395,488
151,,DANI PAREJO,VILLARREAL CF,424,484
152,,DIMITRI FOULQUIER,VALENCIA CF,411,483
153,,LEO ROMÁN,RCD MALLORCA,320,481
154,,MAURO ARAMBARRI,GETAFE CF,361,480
154,,CARLOS SOLER,REAL SOCIEDAD,417,480
156,,RONALD ARAUJO,FC BARCELONA,439,472
156,,CARLOS VICENTE,DEPORTIVO ALAVÉS,378,472
158,,JUANLU SÁNCHEZ,SEVILLA FC,384,470
158,,KERVIN ARRIAGA,LEVANTE UD,394,470
160,,MARCOS DO NASCIMENTO TEIXEIRA,SEVILLA FC,407,466
161,,ALBERTO REINA,REAL OVIEDO,386,462
161,,SERGI ALTIMIRA,REAL BETIS,423,462
163,,LÉO PÉTROT,ELCHE CF,397,461
164,,PAPE GUEYE,VILLARREAL CF,376,460
164,,MANU SÁNCHEZ,LEVANTE UD,365,460
164,,ANTONIO RÜDIGER,REAL MADRID,430,460
167,,PABLO MAFFEO,RCD MALLORCA,334,458
168,,URKO GONZÁLEZ DE ZÁRATE QUIRÓS,RCD ESPANYOL DE BARCELONA,373,457
169,,PEDRO DÍAZ,RAYO VALLECANO,397,456
170,,LUIS RIOJA,VALENCIA CF,352,452
171,,MATÍAS MORENO,LEVANTE UD,386,450
172,,ANDRÉS CASTRÍN,SEVILLA FC,391,447
173,,JESÚS ARESO,ATHLETIC CLUB,374,446
174,,MARTIM CARVALHO NETO,ELCHE CF,396,444
175,,CUCHO HERNÁNDEZ,REAL BETIS,311,441
175,,AIMAR OROZ,CA OSASUNA,343,441
177,,IAGO ASPAS,CELTA,347,438
178,,DOMINGOS ANDRÉ RIBEIRO ALMEIDA,VALENCIA CF,400,437
178,,RUBÉN GARCÍA,CA OSASUNA,343,437
180,,MATTEO RUGGERI,ATLÉTICO DE MADRID,380,434
180,,SOFYAN AMRABAT,REAL BETIS,394,434
182,,VIKTOR TSYHANKOV,GIRONA FC,349,433
183,,HUGO RINCÓN,GIRONA FC,361,432
184,,ANDER BARRENETXEA,REAL SOCIEDAD,344,429
185,,MANU MORLANES,RCD MALLORCA,377,426
186,,VALENTIN ROSIER,CA OSASUNA,324,425
187,,MARC PUBILL,ATLÉTICO DE MADRID,371,420
188,,OMAR MASCARELL,RCD MALLORCA,348,419
189,,JOAN GARCÍA,FC BARCELONA,370,414
189,,THIERRY RENDALL CORREIA,VALENCIA CF,335,414
191,,MATÍAS DITURO,ELCHE CF,312,411
191,,CÉSAR AZPILICUETA,SEVILLA FC,363,411
193,,ÁLVARO VALLES,REAL BETIS,298,410
194,,MIGUEL ROMÁN,CELTA,357,408
194,,JOSÉ MARÍA GIMÉNEZ,ATLÉTICO DE MADRID,364,408
196,,FRAN BELTRÁN,GIRONA FC,365,403
197,,FERMÍN LÓPEZ,FC BARCELONA,345,402
198,,NACHO VIDAL,REAL OVIEDO,330,401
199,,NICOLAS PÉPÉ,VILLARREAL CF,340,400
199,,ABEL BRETONES,CA OSASUNA,303,400
201,,RAPHAEL DIAS BELLOLI,FC BARCELONA,328,398
202,,NICO WILLIAMS,ATHLETIC CLUB,302,396
203,,UNAI ELGEZABAL,LEVANTE UD,334,393
204,,BAPTISTE SANTAMARÍA,VALENCIA CF,323,391
205,,SERGI CARDONA,VILLARREAL CF,317,389
206,,ÁLVARO GARCÍA,RAYO VALLECANO,258,387
207,,THOMAS PARTEY,VILLARREAL CF,329,381
207,,UNAI VENCEDOR,LEVANTE UD,311,381
209,,MARIO MARTÍN,GETAFE CF,286,379
210,,MIKEL OYARZABAL,REAL SOCIEDAD,288,378
211,,TAKEFUSA KUBO,REAL SOCIEDAD,299,376
211,,KIKO FEMENÍA,GETAFE CF,299,376
213,,ANTOINE GRIEZMANN,ATLÉTICO DE MADRID,314,372
214,,DANI CEBALLOS,REAL MADRID,344,371
215,,PAU NAVARRO,VILLARREAL CF,308,369
215,,VEDAT MURIQI,RCD MALLORCA,237,369
215,,JORGE HERRANDO,CA OSASUNA,312,369
218,,OIHAN SANCET,ATHLETIC CLUB,299,367
219,,ALBERTO MOLEIRO,VILLARREAL CF,270,364
219,,LUIZ LÚCIO REIS JÚNIOR,VILLARREAL CF,267,364
221,,VICTOR PARADA,DEPORTIVO ALAVÉS,286,363
221,,RODRIGO MENDOZA,ELCHE CF,308,363
223,,AZZEDINE OUNAHI,GIRONA FC,302,361
224,,CONOR GALLAGHER,ATLÉTICO DE MADRID,324,359
225,,NICO GONZÁLEZ,ATLÉTICO DE MADRID,268,356
226,,YOUSSEF ENRÍQUEZ,DEPORTIVO ALAVÉS,276,352
227,,ILYAS CHAIRA,REAL OVIEDO,302,351
228,,PABLO TORRE,RCD MALLORCA,288,350
229,,DANI CALVO,REAL OVIEDO,317,349
229,,PERE MILLA,RCD ESPANYOL DE BARCELONA,253,349
231,,FRANCO MASTANTUONO,REAL MADRID,313,345
232,,GONÇALO MANUEL GANCHINHO GUEDES,REAL SOCIEDAD,248,344
233,,TYRHYS DOLAN,RCD ESPANYOL DE BARCELONA,279,338
234,,RICARDO RODRÍGUEZ,REAL BETIS,292,337
235,,DIEGO LÓPEZ,VALENCIA CF,246,336
236,,BRYAN ZARAGOZA,CELTA,259,334
236,,VÍCTOR MUÑOZ,CA OSASUNA,270,334
238,,AITOR RUIBAL,REAL BETIS,273,332
239,,TAJON BUCHANAN,VILLARREAL CF,271,331
240,,ALFONSO PEDRAZA,VILLARREAL CF,254,326
240,,ANDREAS CHRISTENSEN,FC BARCELONA,312,326
242,,RAFA MIR,ELCHE CF,268,325
243,,RUBÉN VARGAS,SEVILLA FC,229,323
244,,ORIOL REY,LEVANTE UD,270,322
245,,MOUCTAR DIAKHABY,VALENCIA CF,280,320
245,,CARLOS DOMÍNGUEZ,CELTA,292,320
245,,LUCAS AHIJADO,REAL OVIEDO,250,320
245,,ABDE EZZALZOULI,REAL BETIS,247,320
249,,PABLO MARTÍNEZ,LEVANTE UD,245,318
250,,ÁLEX BAENA,ATLÉTICO DE MADRID,255,311
251,,THOMAS LEMAR,GIRONA FC,266,309
252,,HAISSEM HASSAN,REAL OVIEDO,249,308
253,,TONI MARTÍNEZ,DEPORTIVO ALAVÉS,177,306
254,,IVÁN ROMERO,LEVANTE UD,225,303
255,,BRYAN GIL,GIRONA FC,246,298
256,,KWASI SIBO,REAL OVIEDO,258,297
256,,RODRYGO SILVA DE GOES,REAL MADRID,268,297
258,,THIAGO ALMADA,ATLÉTICO DE MADRID,249,290
259,,ARNAUT DANJUMA,VALENCIA CF,222,289
259,,JAVI RUEDA,CELTA,214,289
261,,NAHUEL MOLINA,ATLÉTICO DE MADRID,235,288
262,,MARASH KUMBULLA,RCD MALLORCA,226,287
263,,GERARD FERNÁNDEZ CASTELLANO,SEVILLA FC,229,286
264,,CLEMENS RIEDEL,RCD ESPANYOL DE BARCELONA,257,284
265,,ALEJANDRO FRANCÉS,GIRONA FC,218,279
266,,TRENT ALEXANDER-ARNOLD,REAL MADRID,242,277
267,,ÁLVARO RODRÍGUEZ,ELCHE CF,183,272
268,,HUGO ÁLVAREZ,CELTA,228,270
269,,ANDER GUEVARA,DEPORTIVO ALAVÉS,211,266
270,,FERRAN TORRES,FC BARCELONA,197,265
271,,BORJA IGLESIAS,CELTA,192,264
271,,ADRIÀ PEDROSA,ELCHE CF,224,264
273,,JUNIOR FIRPO,REAL BETIS,218,263
274,,GORKA GURUZETA,ATHLETIC CLUB,189,262
275,,HUGO DURO,VALENCIA CF,184,260
276,,FILIP UGRINIC,VALENCIA CF,213,258
277,,ABDE REBBACH,DEPORTIVO ALAVÉS,205,256
277,,JAN VIRGILI,RCD MALLORCA,197,256
279,,GERARD MORENO,VILLARREAL CF,199,255
279,,ALEXANDER SØRLOTH,ATLÉTICO DE MADRID,165,255
279,,BORJA MAYORAL,GETAFE CF,206,255
282,,ALEXIS SÁNCHEZ,SEVILLA FC,186,247
283,,LUIS ALFONSO ESPINO GARCÍA,RAYO VALLECANO,178,246
283,,SANTI CAZORLA,REAL OVIEDO,219,246
285,,ABDEL ABQAR,GETAFE CF,176,244
286,,ANTE BUDIMIR,CA OSASUNA,140,243
287,,JESÚS VÁZQUEZ,VALENCIA CF,210,241
287,,CALEBE GONÇALVES FERREIRA DA SILVA,DEPORTIVO ALAVÉS,212,241
287,,LUCAS BOYÉ,DEPORTIVO ALAVÉS,180,241
290,,JON OLASAGASTI,LEVANTE UD,188,239
291,,ANTONIO SÁNCHEZ,RCD MALLORCA,196,238
292,,JON GURIDI,DEPORTIVO ALAVÉS,186,235
293,,RODRIGO RIQUELME,REAL BETIS,195,234
294,,JORGE DE FRUTOS,RAYO VALLECANO,180,233
294,,BEÑAT TURRIENTES,REAL SOCIEDAD,198,233
296,,LUCAS BELTRÁN,VALENCIA CF,173,232
297,,PABLO MARÍN,REAL SOCIEDAD,184,231
297,,ANDRÉ MIGUEL VALENTE DA SILVA,ELCHE CF,189,231
299,,FEDERICO VIÑAS,REAL OVIEDO,170,228
299,,DANI CARVAJAL,REAL MADRID,208,228
301,,ROBERTO FERNÁNDEZ,RCD ESPANYOL DE BARCELONA,153,224
302,,PAU LÓPEZ,REAL BETIS,166,221
303,,ANDONI GOROSABEL,ATHLETIC CLUB,187,217
304,,MATEO JOSEPH,RCD MALLORCA,176,216
304,,ADRIÁN LISO,GETAFE CF,149,216
306,,KARL ETTA EYONG,LEVANTE UD,150,215
307,,JOHNNY CARDOSO,ATLÉTICO DE MADRID,187,214
308,,FACUNDO GARCÉS,DEPORTIVO ALAVÉS,177,212
309,,PABLO DURÁN,CELTA,147,211
310,,RUBÉN SÁNCHEZ,RCD ESPANYOL DE BARCELONA,163,209
310,,JOSIP BREKALO,REAL OVIEDO,152,209
312,,ROGER BRUGUÉ,LEVANTE UD,168,208
313,,AIHEN MUÑOZ,REAL SOCIEDAD,171,207
314,,SALOMÓN RONDÓN,REAL OVIEDO,148,206
314,,ROBERT NAVARRO,ATHLETIC CLUB,165,206
316,,ERIC BAILLY,REAL OVIEDO,182,205
317,,JOEL ROCA,GIRONA FC,170,204
318,,ALEJANDRO REGO,ATHLETIC CLUB,159,203
318,,JUAN CRUZ ÁLVARO ARMADA,CA OSASUNA,177,203
320,,YOEL LAGO,CELTA,187,201
321,,JAVI PUADO,RCD ESPANYOL DE BARCELONA,167,199
321,,FRAN GARCÍA,REAL MADRID,178,199
321,,VLADYSLAV VANAT,GIRONA FC,151,199
321,,ALAN MATTURRO,LEVANTE UD,158,199
325,,ISAAC ROMERO,SEVILLA FC,142,198
326,,FRAN PÉREZ,RAYO VALLECANO,159,194
326,,JAVI GALÁN,CA OSASUNA,161,194
328,,IÑAKI WILLIAMS,ATHLETIC CLUB,136,193
329,,WOJCIECH SZCZESNY,FC BARCELONA,152,185
330,,MATEU MOREY,RCD MALLORCA,142,181
330,,JOAQUÍN MARTÍNEZ GAUNA,SEVILLA FC,144,181
332,,KIKE GARCÍA,RCD ESPANYOL DE BARCELONA,109,178
332,,ADAMA BOIRO,ATHLETIC CLUB,157,178
334,,FERRAN JUTGLÀ,CELTA,142,177
335,,JAVI LÓPEZ,REAL OVIEDO,130,175
336,,TANGUY NIANZOU,SEVILLA FC,157,174
337,,DAVID LÓPEZ,GIRONA FC,152,173
338,,LUIZ FELIPE RAMOS MARCHI,RAYO VALLECANO,155,170
339,,ARITZ ELUSTONDO,REAL SOCIEDAD,147,168
339,,CHIDERA EJUKE,SEVILLA FC,143,168
341,,GERARD GUMBAU,RAYO VALLECANO,138,166
341,,JOSÉ ANTONIO FERRÁNDEZ POMARES,ELCHE CF,149,166
341,,ALEJANDRO SAN CRISTÓBAL SÁNCHEZ,GETAFE CF,115,166
344,,LUKA ILIC,REAL OVIEDO,132,165
345,,JHON SOLÍS,GIRONA FC,145,164
345,,GEORGES MIKAUTADZE,VILLARREAL CF,113,164
347,,ÍÑIGO LEKUE,ATHLETIC CLUB,126,163
348,,IKER MUÑOZ,CA OSASUNA,139,161
349,,AKOR ADAMS,SEVILLA FC,97,159
349,,NELSON DEOSSA,REAL BETIS,134,159
351,,ÁNGEL ORTIZ,REAL BETIS,131,156
352,,ROBERT LEWANDOWSKI,FC BARCELONA,118,155
352,,JAVI MUÑOZ,GETAFE CF,105,155
354,,GRADY DIANGANA,ELCHE CF,134,153
355,,MIKEL VESGA,ATHLETIC CLUB,120,152
356,,YÁSER ASPRILLA,GIRONA FC,129,151
357,,DAVID CORDÓN MANCHA,GETAFE CF,89,147
358,,RAÚL GARCÍA,CA OSASUNA,104,146
359,,LUCAS BERGSTRÖM,RCD MALLORCA,78,145
360,,IVÁN BALLIU,RAYO VALLECANO,122,144
361,,MIHAILO RISTIC,CELTA,120,143
362,,MARC BERNAL,FC BARCELONA,132,142
363,,JOHN DONALD,ELCHE CF,126,139
364,,LUKA SUCIC,REAL SOCIEDAD,111,137
364,,ARSEN ZAKHARYAN,REAL SOCIEDAD,109,137
366,,JOZHUA VERTROUWD,RAYO VALLECANO,126,136
367,,BRAHIM DÍAZ,REAL MADRID,123,135
367,,ROONY BARDGHJI,FC BARCELONA,117,135
369,,COBA DA COSTA,GETAFE CF,90,132
370,,CHARLES PICKEL,RCD ESPANYOL DE BARCELONA,106,131
371,,AYOZE PÉREZ,VILLARREAL CF,97,129
372,,JOFRE CARRERAS,RCD ESPANYOL DE BARCELONA,93,127
373,,SERGIO CAMELLO,RAYO VALLECANO,107,126
374,,JORGE CABELLO,LEVANTE UD,106,123
375,,DIEGO PAMPÍN,LEVANTE UD,96,119
376,,VÍCTOR GARCÍA,LEVANTE UD,82,117
376,,ØRJAN NYLAND,SEVILLA FC,79,117
378,,ERAY CÖMERT,VALENCIA CF,92,115
378,,HÉCTOR FORT,ELCHE CF,98,115
380,,ASIER OSAMBELA,CA OSASUNA,89,114
380,,DAMIÁN RODRÍGUEZ,CELTA,106,114
382,,UNAI GÓMEZ,ATHLETIC CLUB,85,113
383,,JOSÉ LUIS MORALES,LEVANTE UD,78,108
383,,ADNAN JANUZAJ,SEVILLA FC,95,108
385,,WILLIOT SWEDBERG,CELTA,81,107
386,,LADISLAV KREJCÍ,GIRONA FC,92,104
386,,RAMON TERRATS,RCD ESPANYOL DE BARCELONA,79,104
388,,ALEXANDRE ZURAWSKI,RAYO VALLECANO,67,103
389,,ALLAN NYOM,GETAFE CF,64,100
389,,YAGO SANTIAGO,ELCHE CF,86,100
391,,DANI RABA,VALENCIA CF,79,99
392,,ANTONIO LATORRE GRUESO,RCD MALLORCA,75,95
393,,OVIE EJARIA,REAL OVIEDO,82,94
394,,GIACOMO RASPADORI,ATLÉTICO DE MADRID,72,91
394,,GONZALO GARCÍA,REAL MADRID,78,91
396,,YÉREMY PINO,VILLARREAL CF,73,88
396,,OIER LUENGO,REAL OVIEDO,78,88
398,,JONES EL ABDELLAOUI,CELTA,74,84
398,,PABLO GARCÍA,REAL BETIS,68,84
398,,STOLE DIMITRIEVSKI,VALENCIA CF,49,84
398,,ARNAU TENAS,VILLARREAL CF,41,84
398,,JOSEPH AIDOO,CELTA,77,84
403,,FÁBIO RAFAEL RODRIGUES CARDOSO,SEVILLA FC,72,80
404,,CRISTIAN PORTUGUÉS MANZANERA,GIRONA FC,56,78
405,,IKER BENITO,CA OSASUNA,61,75
405,,ILIAS AKHOMACH,RAYO VALLECANO,64,75
407,,IKER LOSADA,LEVANTE UD,48,73
407,,ALFON GONZÁLEZ,SEVILLA FC,60,73
407,,DIEGO LLORENTE,REAL BETIS,59,73
410,,CARLOS PROTESONI,DEPORTIVO ALAVÉS,63,72
410,,DODI LUKÉBAKIO,SEVILLA FC,62,72
412,,TAKUMA ASANO,RCD MALLORCA,51,71
413,,TANI OLUWASEYI,VILLARREAL CF,43,68
414,,PABLO MARTÍN PÁEZ GAVIRA,FC BARCELONA,63,67
414,,YANGEL HERRERA,REAL SOCIEDAD,50,67
416,,NICO SERRANO,ATHLETIC CLUB,53,66
417,,MOUSSA DIARRA,DEPORTIVO ALAVÉS,41,64
417,,MAROAN SANNADI,ATHLETIC CLUB,46,64
417,,RAMÓN MARTÍNEZ,SEVILLA FC,57,64
420,,JOSÉ SALINAS,RCD ESPANYOL DE BARCELONA,53,62
420,,BAMBO DIABY,ELCHE CF,59,62
422,,ABU KAMARA,GETAFE CF,41,61
423,,DAVID LÓPEZ,RCD MALLORCA,46,60
424,,LARGIE RAMAZANI,VALENCIA CF,44,59
425,,MIGUEL RUBIO,RCD ESPANYOL DE BARCELONA,45,58
426,,ÓSCAR TREJO,RAYO VALLECANO,48,57
426,,PABLO CAMPOS,LEVANTE UD,29,57
428,,CARLOS MARTÍN,RAYO VALLECANO,45,56
429,,DAVID ALABA,REAL MADRID,52,55
430,,GODUINE KOYALIPOU,LEVANTE UD,31,54
431,,ALI HOUARY,ELCHE CF,47,53
432,,ÁLEX FORÉS,REAL OVIEDO,34,49
432,,BEÑAT PRADOS,ATHLETIC CLUB,37,49
432,,MANOR SOLOMON,VILLARREAL CF,42,49
435,,MANU BUENO,SEVILLA FC,44,48
436,,DRO FERNÁNDEZ,FC BARCELONA,40,47
436,,KIKE BARJA,CA OSASUNA,32,47
436,,MARTÍN SATRIANO,GETAFE CF,30,47
436,,JOÃO PEDRO CAVACO CANCELO,FC BARCELONA,41,47
440,,SHERALDO BECKER,CA OSASUNA,32,45
441,,CHRISTANTUS UCHE,GETAFE CF,27,43
441,,SELTON SÁNCHEZ,ATHLETIC CLUB,30,43
441,,NICOLÁS FONSECA,REAL OVIEDO,32,43
444,,UGO RAGHOUBER,LEVANTE UD,35,42
445,,URKO IRURETAGOIENA LERTXUNDI,ATHLETIC CLUB,27,41
445,,KAREEM TUNDE,LEVANTE UD,28,41
447,,JAVI LLABRÉS,RCD MALLORCA,33,40
448,,VLADYSLAV KRAPYVTSOV,GIRONA FC,25,39
448,,CARLOS ESPÍ,LEVANTE UD,21,39
448,,MARIANO DÍAZ,DEPORTIVO ALAVÉS,25,39
451,,CHIMY ÁVILA,REAL BETIS,27,38
451,,IÑIGO ARGUIBIDE,CA OSASUNA,24,38
451,,CARLOS MACIÀ,VILLARREAL CF,32,38
454,,UMAR SADIQ,VALENCIA CF,24,37
455,,JUAN MIGUEL JIMÉNEZ LÓPEZ,GETAFE CF,24,36
456,,PELAYO FERNÁNDEZ,RAYO VALLECANO,30,35
457,,JOFRE TORRENTS,FC BARCELONA,30,34
457,,VÍCTOR VALDEPEÑAS TALAVERA,REAL MADRID,32,34
459,,MARC DOMENECH,RCD MALLORCA,19,32
459,,CRISTHIAN STUANI,GIRONA FC,21,32
461,,ADAM BOAYAR,ELCHE CF,30,31
461,,ZAID ROMERO,GETAFE CF,17,31
463,,MARC-ANDRÉ TER STEGEN,GIRONA FC,27,30
464,,MIKEL GOTI,REAL SOCIEDAD,14,29
464,,ANTONIU ROCA,RCD ESPANYOL DE BARCELONA,21,29
466,,RANDY NTEKA,RAYO VALLECANO,21,27
466,,JOAN JORDÁN,SEVILLA FC,21,27
468,,JUAN MUSSO,ATLÉTICO DE MADRID,25,26
469,,MIGUEL SIERRA,SEVILLA FC,15,24
469,,FEDERICO REDONDO,ELCHE CF,20,24
469,,CÉDRIC BAKAMBU,REAL BETIS,19,24
469,,LUCA KOLEOSHO,RCD ESPANYOL DE BARCELONA,23,24
473,,ALEJANDRO MESTANZA,GETAFE CF,17,23
474,,ORRI ÓSKARSSON,REAL SOCIEDAD,13,22
475,,ISMAEL BEKHOUCHA,GETAFE CF,12,19
475,,FRANCISCO ROMÁN ALARCÓN SUÁREZ,REAL BETIS,14,19
477,,DANI RODRÍGUEZ,RCD MALLORCA,12,18
477,,YVAN NEYOU,GETAFE CF,15,18
477,,LUIS VÁZQUEZ,GETAFE CF,14,18
480,,JON KARRIKABURU,REAL SOCIEDAD,10,17
481,,ÁLVARO ODRIOZOLA,REAL SOCIEDAD,14,16
482,,MOURAD EL GHEZOUANI,ELCHE CF,11,15
482,,CLAUDIO ECHEVERRI,GIRONA FC,12,15
484,,ABDÓN PRATS,RCD MALLORCA,11,14
485,,MARCO ESTEBAN,REAL OVIEDO,11,13
485,,JAIRO IZQUIERDO,ELCHE CF,11,13
485,,DONNY VAN DE BEEK,GIRONA FC,12,13
485,,LANCINET KOUROUMA,GIRONA FC,10,13
489,,SAMU BECERRA,RAYO VALLECANO,11,12
489,,BORJA SÁNCHEZ,REAL OVIEDO,10,12
489,,PACO CORTÉS,LEVANTE UD,6,12
489,,PABLO AGUDÍN,REAL OVIEDO,6,12
493,,STANIS IDUMBO,SEVILLA FC,7,11
493,,THIAGO BORBAS,REAL OVIEDO,6,11
495,,JAN SALAS,RCD MALLORCA,6,10
495,,DAWDA CAMARA,GIRONA FC,7,10
495,,ABEL RUIZ,GIRONA FC,6,10
495,,AITOR MAÑAS,DEPORTIVO ALAVÉS,8,10
499,,TONI FERNÁNDEZ,FC BARCELONA,7,9
499,,ASIER HIERRO,ATHLETIC CLUB,6,9
499,,JORGE MONTES,GETAFE CF,8,9
502,,ADRIÀ ALTI,VILLARREAL CF,8,8
503,,OMAR FALAH,REAL OVIEDO,6,7
503,,SERGIO LOZANO,LEVANTE UD,7,7
503,,IVÁN CORRALEJO,REAL BETIS,7,7
506,,ALEJANDRO SÁNCHEZ MANTECÓN,ELCHE CF,4,6
507,,HUGO SOLOZABAL,GETAFE CF,5,5
507,,HUGO BURCIO,CELTA,5,5
509,,JOSÉ LUIS PÉREZ DEL AMO,GETAFE CF,1,4
509,,DIEGO MORCILLO,DEPORTIVO ALAVÉS,2,4
511,,BOJAN MIOVSKI,GIRONA FC,2,3
511,,FERLAND MENDY,REAL MADRID,2,3
511,,JUAN ARANGO,GIRONA FC,3,3
511,,LANDER ASTIAZARÁN,REAL SOCIEDAD,0,3
515,,RUBÉN IRANZO,VALENCIA CF,2,2
515,,GORKA CARRERA,REAL SOCIEDAD,2,2
517,,LANDER PINILLOS,DEPORTIVO ALAVÉS,1,1
517,,DANI PÉREZ,REAL BETIS,1,1
519,,JUAN CARLOS MARTÍN CORRAL,GIRONA FC,0,0
519,,PAPA DAME BA,GIRONA FC,0,0
519,,GIBERT JORDANA,GIRONA FC,0,0
519,,RUBÉN GÓMEZ,VILLARREAL CF,0,0
519,,JEAN VALOU,VILLARREAL CF,0,0
519,,PAU CABANES,VILLARREAL CF,0,0
519,,DANI CÁRDENAS,RAYO VALLECANO,0,0
519,,ÁLEX CARDERO,REAL OVIEDO,0,0
519,,MIGUEL NARVÁEZ,REAL OVIEDO,0,0
519,,JOSÉ LUIS PEREDA LÓPEZ,REAL OVIEDO,0,0
519,,HORATIU MOLDOVAN,REAL OVIEDO,0,0
519,,BRANDON DOMINGUÈS,REAL OVIEDO,0,0
519,,LAMINE GUEYE,REAL OVIEDO,0,0
519,,GUILLE FERNÁNDEZ,FC BARCELONA,0,0
519,,DIEGO KOCHEN,FC BARCELONA,0,0
519,,MARTÍN KRUG,LEVANTE UD,0,0
519,,JOAN RUIZ,LEVANTE UD,0,0
519,,NACHO PÉREZ,LEVANTE UD,0,0
519,,CAYETANO ROMERO,LEVANTE UD,0,0
519,,ÁLEX PRIMO,LEVANTE UD,0,0
519,,UNAI MARRERO,REAL SOCIEDAD,0,0
519,,HAMARI TRAORÉ,REAL SOCIEDAD,0,0
519,,CRISTIAN RIVERO,VALENCIA CF,0,0
519,,AIMAR BLÁZQUEZ,VALENCIA CF,0,0
519,,PABLO LÓPEZ,VALENCIA CF,0,0
519,,DANIEL LUNA,RCD MALLORCA,0,0
519,,ILIESSE SALHI,RCD MALLORCA,0,0
519,,RAÚL FERNÁNDEZ,DEPORTIVO ALAVÉS,0,0
519,,NIKOLA MARAS,DEPORTIVO ALAVÉS,0,0
519,,GRÉGOIRE SWIDERSKI,DEPORTIVO ALAVÉS,0,0
519,,DAVID OTORBI,VALENCIA CF,0,0
519,,PABLO RAMÓN,RCD ESPANYOL DE BARCELONA,0,0
519,,POL TRISTÁN,RCD ESPANYOL DE BARCELONA,0,0
519,,ROGER HINOJO,RCD ESPANYOL DE BARCELONA,0,0
519,,RAFEL BAUZÀ,RCD ESPANYOL DE BARCELONA,0,0
519,,ÁNGEL FORTUÑO,RCD ESPANYOL DE BARCELONA,0,0
519,,JIRÍ LETÁCEK,GETAFE CF,0,0
519,,PETER FEDERICO GONZÁLEZ CARMONA,GETAFE CF,0,0
519,,ÁLEX SOLA,GETAFE CF,0,0
519,,ALBERTO RISCO,GETAFE CF,0,0
519,,MARC VILAPLANA,GETAFE CF,0,0
519,,JON DE LUIS,ATHLETIC CLUB,0,0
519,,ÁLEX PADILLA,ATHLETIC CLUB,0,0
519,,SALVI ESQUIVEL,ATLÉTICO DE MADRID,0,0
519,,EDU ALTOZANO,SEVILLA FC,0,0
519,,RAFAEL ROMERO,SEVILLA FC,0,0
519,,ALBERTO FLORES,SEVILLA FC,0,0
519,,IVÁN VILLAR,CELTA,0,0
519,,ANTONIO MARTÍNEZ,ELCHE CF,0,0
519,,ALBERT NICULAESEI,ELCHE CF,0,0
519,,ALEJANDRO ITURBE,ELCHE CF,0,0
519,,ADRIÁN SAN MIGUEL DEL CASTILLO,REAL BETIS,0,0
519,,MAWULI MENSAH,REAL BETIS,0,0
519,,RAÚL CHASCO,CA OSASUNA,0,0
519,,DIMITRIOS STAMATAKIS,CA OSASUNA,0,0
519,,MAURO ECHEGOYEN,CA OSASUNA,0,0
519,,AITOR FERNÁNDEZ,CA OSASUNA,0,0
519,,THIAGO PITARCH,REAL MADRID,0,0
519,,ANDRII LUNIN,REAL MADRID,0,0
519,,SERGIO MESTRE,REAL MADRID,0,0
519,,JANO MONSERRATE,ATLÉTICO DE MADRID,0,0
519,,IVÁN CUÉLLAR SACRISTÁN,RCD MALLORCA,0,0
519,,JUAN PEDRO GIL BUENO,RAYO VALLECANO,0,0
519,,MANU GONZÁLEZ,REAL BETIS,0,0
519,,LUCAS NÚÑEZ,VALENCIA CF,0,0
519,,ÁLEX COSTA,SEVILLA FC,0,0
519,,RÚBEN MONTERO,DEPORTIVO ALAVÉS,0,0
519,,GERMÁN GARCÍA,REAL BETIS,0,0
519,,THEO FOLGADO,REAL SOCIEDAD,0,0
519,,HUGO LOPEZ,VILLARREAL CF,0,0
519,,DIEGO CONDE,VILLARREAL CF,0,0
519,,MARCOS NAVARRO,VALENCIA CF,0,0
519,,AITOR FRAGA,REAL SOCIEDAD,0,0
519,,MIKEL SANTOS,ATHLETIC CLUB,0,0
519,,DARLING BLADI,REAL BETIS,0,0
519,,MARCO DE LAS SIAS,RAYO VALLECANO,0,0
519,,ADRIÁN MOLINA,RAYO VALLECANO,0,0
519,,DOMINIK LIVAKOVIC,GIRONA FC,0,0
519,,JAVI HERNÁNDEZ,RCD ESPANYOL DE BARCELONA,0,0
519,,DAVID JIMÉNEZ,REAL MADRID,0,0
519,,ENDRICK FELIPE MOREIRA DE SOUSA,REAL MADRID,0,0
519,,TAUFIK SEIDU ZANZI AWUDU,ATLÉTICO DE MADRID,0,0
519,,ALEKSANDAR ANDREEV,GIRONA FC,0,0
519,,ISMAEL SIERRA,VILLARREAL CF,0,0
519,,MAHAMOUD BARRY,VILLARREAL CF,0,0
519,,IKER MONREAL,ATHLETIC CLUB,0,0
519,,JAVIER OLAIZOLA,RCD MALLORCA,0,0
519,,MYKYTA ALEKSANDROV,GETAFE CF,0,0
519,,ALEX LEBARBIER,REAL SOCIEDAD,0,0
519,,MARTÍN PEDROARENA,CA OSASUNA,0,0
519,,EDER ALLER,FC BARCELONA,0,0
519,,ILIAS KOSTIS,ATLÉTICO DE MADRID,0,0
519,,FRANCO CERVI,CELTA,0,0
519,,DIEGO FERRER,GETAFE CF,0,0
519,,JORGE BENITO,GETAFE CF,0,0
519,,IBON SÁNCHEZ,ATHLETIC CLUB,0,0
519,,JAVIER SARASA,GIRONA FC,0,0
519,,LUKEN BEITIA,REAL SOCIEDAD,0,0
519,,CARLOS BALLESTERO,DEPORTIVO ALAVÉS,0,0
519,,JUAN HERNÁNDEZ,FC BARCELONA,0,0
519,,XAVI ESPART,FC BARCELONA,0,0
519,,DAVID DELGADO,ELCHE CF,0,0
519,,ALEJANDRO PANACH OLMO,VALENCIA CF,0,0
519,,LUCAS LASO,GETAFE CF,0,0
519,,ANTONIO SALGUERO,GIRONA FC,0,0
519,,POL ARNAU,GIRONA FC,0,0
519,,YASSIN TALLAL,GETAFE CF,0,0
519,,FRAN GONZÁLEZ,REAL MADRID,0,0
519,,NIL TORREGUITART,RCD MALLORCA,0,0
519,,ALEX MARCHAL,REAL SOCIEDAD,0,0
519,,JOEL FONTANET,VALENCIA CF,0,0
519,,ÁNGEL ARCOS,CELTA,0,0
519,,MARIO DE LUIS,ATLÉTICO DE MADRID,0,0
519,,EGOITZ MUÑOZ,DEPORTIVO ALAVÉS,0,0
519,,IZEI HERNANDEZ,DEPORTIVO ALAVÉS,0,0
519,,TOMÁS MARQUÉS,FC BARCELONA,0,0
519,,MIKEL SERRANO,CA OSASUNA,0,0
519,,HUSEINI NAKOHA,LEVANTE UD,0,0
519,,EDER GARCÍA,ATHLETIC CLUB,0,0
519,,ENDIKA BUJAN,ATHLETIC CLUB,0,0
519,,JAVIER BOÑAR,ATLÉTICO DE MADRID,0,0
519,,ALEKSA PURIC,ATLÉTICO DE MADRID,0,0
519,,ALASSANE DIATTA,VILLARREAL CF,0,0
519,,JOAN MARTÍNEZ,REAL MADRID,0,0
519,,DANI MARTINEZ,ATLÉTICO DE MADRID,0,0
519,,LLORENÇ SERRED MARTÍNEZ,RCD ESPANYOL DE BARCELONA,0,0
519,,IKER ORTÍN,SEVILLA FC,0,0
519,,LORENZO LUCHINO,SEVILLA FC,0,0
519,,JORGE CESTERO,REAL MADRID,0,0
519,,DIEGO MENÉNDEZ,REAL OVIEDO,0,0
519,,XANET OLÁIZ,DEPORTIVO ALAVÉS,0,0
519,,HUGO GONZÁLEZ,CELTA,0,0
519,,FERRAN GÓMEZ GÓMEZ,RCD ESPANYOL DE BARCELONA,0,0
519,,ARKAITZ MARIEZKURRENA,REAL SOCIEDAD,0,0
519,,VICENT ABRIL,VALENCIA CF,0,0
519,,JOSÉ ÁNGEL GAITÁN DIAZ,VILLARREAL CF,0,0
519,,DANIEL BALLESTEROS FERNÁNDEZ,ELCHE CF,0,0
519,,JULIO DÍAZ,ATLÉTICO DE MADRID,0,0
519,,IKER LUQUE,ATLÉTICO DE MADRID,0,0
519,,KAZUNARI KITA,REAL SOCIEDAD,0,0
519,,IBAI AGUIRRE,REAL SOCIEDAD,0,0
519,,ADRIÁN RIQUELME,GETAFE CF,0,0
519,,JUSTIN KALUMBA,RCD MALLORCA,0,0
519,,ÁLVARO LEIVA,REAL MADRID,0,0
519,,CÉSAR PALACIOS,REAL MADRID,0,0
519,,RAYANE BELAID,ATLÉTICO DE MADRID,0,0
519,,JOB OCHIENG,REAL SOCIEDAD,0,0
519,,BEMA SINA,ELCHE CF,0,0
519,,FEDERICO GATTONI,SEVILLA FC,0,0
519,,DIEGO AGUADO,REAL MADRID,0,0
519,,RAÚL MORO,CA OSASUNA,0,0
519,,SERGIO ESTEBAN,ATLÉTICO DE MADRID,0,0
519,,DANIEL DÍAZ,REAL SOCIEDAD,0,0
519,,SEBASTIÁN BOSELLI,GETAFE CF,0,0
